<?xml version="1.0"?>
<libraries>
    <library>
        <location>amd/src/codemirror.js</location>
        <name>CodeMirror</name>
        <version>5.41.0</version>
        <license>MIT</license>
        <licenseversion></licenseversion>
    </library>
    <library>
        <location>amd/src/jquery.dataTables.js</location>
        <name>DataTables</name>
        <version>1.9.4</version>
        <license>GPL</license>
        <licenseversion>2.0</licenseversion>
    </library>
    <library>
        <location>amd/src/jquery.tablesorter.js</location>
        <name>TableSorter</name>
        <version>2.31.0</version>
        <license>MIT</license>
        <licenseversion></licenseversion>
    </library>
    <library>
        <location>lib/pChart</location>
        <name>pChart - a PHP Charting library</name>
        <version>1.27d</version>
        <license>GNU</license>
        <licenseversion>2.5</licenseversion>
    </library>
    <library>
        <location>lib/pChart2</location>
        <name>Fork of pChart 2.0 compatible with PHP 7</name>
        <version>1.3</version>
        <license>GPL</license>
        <licenseversion>3</licenseversion>
    </library>
</libraries>